spark.default.parallelism,spark.executor.cores,spark.executor.instances,spark.executor.memory,spark.executor.memoryOverhead,spark.memory.fraction,spark.memory.storageFraction,spark.reducer.maxBlocksInFlightPerAddress,spark.reducer.maxSizeInFlight,spark.shuffle.file.buffer,runtime
389.0,1.0,5.0,6.0,394.0,0.67,0.79,1527143520.0,64.0,30.0,-2801.3439800000015
382.0,2.0,5.0,5.0,650.0,0.5,0.62,1675455011.0,69.0,35.0,-2797.8096900000014
229.0,2.0,6.0,6.0,759.0,0.56,0.54,1117959974.0,41.0,46.0,-2796.95188
405.0,3.0,7.0,5.0,657.0,0.57,0.64,2039966137.0,29.0,42.0,-2806.6477700000014
451.0,3.0,5.0,5.0,457.0,0.66,0.72,2077216923.0,32.0,20.0,-2815.2319900000016
358.0,3.0,5.0,4.0,872.0,0.67,0.77,1461866031.0,49.0,38.0,-2798.298840000001
