{"target": -210.123, "params": {"spark.broadcast.blockSize": 56.15224832896303, "spark.broadcast.checksum": 0.15579133947783172, "spark.broadcast.compress": 0.7786575488589059, "spark.default.parallelism": 338.06239102637767, "spark.executor.cores": 2.7612765351628674, "spark.executor.instances": 6.399399421039421, "spark.executor.memory": 5.576201760657899, "spark.executor.memoryOverhead": 452.2119361527772, "spark.kryoserializer.buffer": 119.1019043872088, "spark.kryoserializer.buffer.max": 59.26092340145664, "spark.locality.wait": 6.297483772736223, "spark.maxRemoteBlockSizeFetchToMem": 1877289479.6326962, "spark.memory.fraction": 0.7423779034310068, "spark.memory.offHeap.enabled": 0.19100321870695597, "spark.memory.offHeap.size": 634.7171854270449, "spark.memory.storageFraction": 0.5628117825888702, "spark.rdd.compress": 0.7853587303438557, "spark.reducer.maxBlocksInFlightPerAddress": 2018890953.011796, "spark.reducer.maxReqsInFlight": 1368410008.0141425, "spark.reducer.maxSizeInFlight": 24.81036402602354, "spark.scheduler.mode": 0.2363530659438205, "spark.scheduler.revive.interval": 504.0591660768762, "spark.shuffle.compress": 0.3820616396256087, "spark.shuffle.file.buffer": 46.256556564593275, "spark.shuffle.io.numConnectionsPerPeer": 1.5955049711424287, "spark.shuffle.sort.bypassMergeThreshold": 292.1693088091553, "spark.storage.memoryFraction": 0.7803165736025481, "spark.storage.memoryMapThreshold": 2.5524737158766193}, "datetime": {"datetime": "2022-01-27 12:50:54", "elapsed": 0.0, "delta": 0.0}}
