spark.default.parallelism,spark.executor.cores,spark.executor.instances,spark.executor.memory,spark.executor.memoryOverhead,spark.memory.fraction,spark.memory.storageFraction,spark.reducer.maxBlocksInFlightPerAddress,spark.reducer.maxSizeInFlight,spark.shuffle.file.buffer,runtime
259.0,2.0,4.0,5.0,791.0,0.67,0.79,1545791793.0,52.0,23.0,-2800.002820000001
402.0,3.0,7.0,5.0,456.0,0.5,0.62,1287374586.0,25.0,34.0,-2799.6525900000015
439.0,1.0,6.0,5.0,587.0,0.56,0.54,1404853725.0,45.0,35.0,-2794.418380000001
257.0,2.0,4.0,6.0,838.0,0.57,0.64,2140876839.0,44.0,31.0,-2809.621440000001
429.0,3.0,4.0,5.0,466.0,0.66,0.72,1702572473.0,48.0,28.0,-2801.0906400000026
348.0,3.0,5.0,6.0,419.0,0.67,0.77,1219036122.0,44.0,19.0,-2804.627340000001
