spark.default.parallelism,spark.executor.cores,spark.executor.instances,spark.executor.memory,spark.executor.memoryOverhead,spark.memory.fraction,spark.memory.storageFraction,spark.reducer.maxBlocksInFlightPerAddress,spark.reducer.maxSizeInFlight,spark.shuffle.file.buffer,runtime
300.0,2.0,6.0,5.0,634.0,0.67,0.79,1137748390.0,28.0,46.0,-2801.81248
323.0,3.0,7.0,5.0,702.0,0.5,0.62,1090328013.0,59.0,33.0,-2799.7273800000003
223.0,2.0,6.0,5.0,747.0,0.56,0.54,2057136482.0,59.0,19.0,-2808.249230000001
461.0,1.0,4.0,3.0,813.0,0.57,0.64,2055952779.0,58.0,42.0,-2806.8886600000005
280.0,2.0,4.0,5.0,794.0,0.66,0.72,1673633656.0,50.0,46.0,-2797.6804500000017
400.0,1.0,4.0,4.0,589.0,0.67,0.77,1432452068.0,67.0,29.0,-2799.751940000002
