spark.default.parallelism,spark.executor.cores,spark.executor.instances,spark.executor.memory,spark.executor.memoryOverhead,spark.memory.fraction,spark.memory.storageFraction,spark.reducer.maxBlocksInFlightPerAddress,spark.reducer.maxSizeInFlight,spark.shuffle.file.buffer,runtime
328.0,2.0,6.0,3.0,683.0,0.67,0.79,1731802210.0,38.0,44.0,-2798.5321700000013
218.0,3.0,5.0,6.0,463.0,0.5,0.62,1946911630.0,47.0,25.0,-2807.7256500000017
423.0,2.0,4.0,4.0,872.0,0.56,0.54,1096535646.0,54.0,37.0,-2796.31402
211.0,1.0,6.0,4.0,755.0,0.57,0.64,1771810686.0,49.0,29.0,-2798.6358500000015
215.0,2.0,5.0,3.0,601.0,0.66,0.72,2071494772.0,52.0,24.0,-2811.201520000002
360.0,3.0,6.0,3.0,828.0,0.67,0.77,1770532504.0,37.0,24.0,-2801.2552600000017
