spark.default.parallelism,spark.executor.cores,spark.executor.instances,spark.executor.memory,spark.executor.memoryOverhead,spark.memory.fraction,spark.memory.storageFraction,spark.reducer.maxBlocksInFlightPerAddress,spark.reducer.maxSizeInFlight,spark.shuffle.file.buffer,runtime
322.49137098718063,2.12439452714698,6.578899597116357,3.2536518484011903,754.821013992593,0.5293914600576253,0.5174224537827031,1274668304.6967301,30.413780947429174,35.023111402567466,2794.1511000000005
495.76161461097104,1.7107358217374196,5.237167157546469,4.564642461298288,782.8008644744223,0.8034281271437733,0.5054243158170739,1766456742.2986195,51.268293149698565,40.46019791909741,2794.228030000001
253.43547755709898,2.394185577029341,7.887952084618929,6.107875430144196,780.6507836214531,0.5564533510051689,0.50308785679462,1466509805.886836,58.553609844404335,27.064886316189366,2794.8870400000014
213.86029833034144,2.319578157385472,7.280035033397785,5.328857938753822,740.5185399292209,0.8874447704925226,0.5359940782173956,1918499447.3820412,35.84117371217542,27.27668282479911,2796.1052900000013
354.5343640390908,2.7979543668219065,5.588731343557668,4.329024849385059,617.3080504255868,0.8489537453262455,0.6654564240597145,1556667716.9955568,42.763800341976335,41.85970490235746,2796.330230000001
