spark.default.parallelism,spark.executor.cores,spark.executor.instances,spark.executor.memory,spark.executor.memoryOverhead,spark.memory.fraction,spark.memory.storageFraction,spark.reducer.maxBlocksInFlightPerAddress,spark.reducer.maxSizeInFlight,spark.shuffle.file.buffer,runtime
211.65309179088325,1.2109867274667836,6.628082932576028,3.8952746295533704,522.8001803753505,0.587178231081677,0.5352020733057432,1613205357.3493176,35.13277847364179,46.48504597240658,2793.167970000001
236.09576172880827,2.331947870755529,5.78655651577885,4.124187264299631,384.7633157244881,0.7776508697863813,0.5155972233384881,1196805476.3922563,26.61458643576564,43.584902679939866,2793.2196100000006
227.7719515740889,2.7090935946860184,4.525244036927514,4.813196815272871,600.202784187101,0.8481479115107755,0.5429595969827605,1730655629.1558185,62.912179337037884,41.6492443432879,2793.742770000001
344.047372961509,1.1294794134593695,6.021255565646591,4.411688169655054,384.0,0.5,0.513730088593189,1474684625.174088,34.87575429512143,29.31076406865976,2794.407660000001
394.5939891634457,2.1552874117657046,5.878817557838705,6.0811930468219915,711.2566990692274,0.6944580013514806,0.6670123177810359,1613287900.1156006,41.05359875431136,38.233991336418214,2795.457750000001
