spark.default.parallelism,spark.executor.cores,spark.executor.instances,spark.executor.memory,spark.executor.memoryOverhead,spark.memory.fraction,spark.memory.storageFraction,spark.reducer.maxBlocksInFlightPerAddress,spark.reducer.maxSizeInFlight,spark.shuffle.file.buffer,runtime
205.95992601233038,1.0241496461662412,7.711912454764318,3.7698032969433455,801.4826489434035,0.6989531363090891,0.5018305912442392,1531327127.262528,67.96533422851832,47.015105161990974,2794.267740000001
421.53966334053183,1.869776024711207,4.253067000369587,6.753257315559029,771.4434357647067,0.7290755379235665,0.5309925037750212,1355338033.6245341,45.21083318255578,29.359508857781172,2794.5335200000013
388.3089515719327,1.0347071722369836,7.341153990471254,4.787469411500259,686.9494417591568,0.7072992080062739,0.5075742551648396,1650118895.1804676,55.51495483145386,29.08012567951904,2794.7834000000016
330.7658359237686,2.247957244080565,4.122744597465926,6.11224097119565,489.6173921771726,0.6746657066899253,0.8795233731250662,1399992778.5420177,44.95059247578544,42.39536148020618,2795.577900000001
213.86029833034144,2.319578157385472,7.280035033397785,5.328857938753822,740.5185399292209,0.8874447704925226,0.5359940782173956,1918499447.3820412,35.84117371217542,27.27668282479911,2796.1052900000013
