spark.default.parallelism,spark.executor.cores,spark.executor.instances,spark.executor.memory,spark.executor.memoryOverhead,spark.memory.fraction,spark.memory.storageFraction,spark.reducer.maxBlocksInFlightPerAddress,spark.reducer.maxSizeInFlight,spark.shuffle.file.buffer,runtime
266.6382950938136,1.012321512548627,7.188770302020568,6.468412981690303,834.8014415617259,0.8288173238178773,0.5142121199629881,1206757494.4677122,70.77446073813401,39.97126106181384,2793.64509
490.4815741700581,1.6932584074299621,5.083168442453308,4.625681174311435,533.8717010064208,0.6296925700291355,0.5386920938879374,1206761660.457684,31.291311941481823,30.44702414325793,2793.9000700000006
229.10214580565446,2.620895623191771,7.781905661757742,5.683552561821522,781.0901660051439,0.8437900282870014,0.5504653647168302,1570342858.6018722,38.02349541500065,37.86849119690145,2795.7365000000013
353.2825466316824,1.5435641078231075,5.8617168305429495,3.4111200182359043,744.9830722925393,0.8188382713476255,0.555328919200376,1206758286.7143078,25.445299034485704,43.10268895185884,2796.1119400000007
209.067955591643,1.182392691923159,5.677312572421082,6.747250209835901,866.2342011528515,0.8281050851014693,0.633627725162845,1395272592.690443,52.64721350782371,41.221378858824764,2796.701760000001
