spark.default.parallelism,spark.executor.cores,spark.executor.instances,spark.executor.memory,spark.executor.memoryOverhead,spark.memory.fraction,spark.memory.storageFraction,spark.reducer.maxBlocksInFlightPerAddress,spark.reducer.maxSizeInFlight,spark.shuffle.file.buffer,runtime
491.0,2.0,5.0,5.0,440.0,0.67,0.79,1948603181.0,62.0,46.0,-2808.5636100000015
212.0,1.0,4.0,4.0,462.0,0.5,0.62,1683707455.0,38.0,45.0,-2799.7901300000017
284.0,1.0,6.0,3.0,797.0,0.56,0.54,1270078205.0,58.0,31.0,-2794.5046200000006
391.0,2.0,7.0,3.0,591.0,0.57,0.64,1808937548.0,37.0,28.0,-2800.2173200000016
208.0,2.0,6.0,5.0,841.0,0.66,0.72,1687980357.0,70.0,44.0,-2797.915410000002
471.0,1.0,6.0,5.0,839.0,0.67,0.77,1764656991.0,36.0,34.0,-2800.5746800000015
