spark.default.parallelism,spark.executor.cores,spark.executor.instances,spark.executor.memory,spark.executor.memoryOverhead,spark.memory.fraction,spark.memory.storageFraction,spark.reducer.maxBlocksInFlightPerAddress,spark.reducer.maxSizeInFlight,spark.shuffle.file.buffer,runtime
396.0,1.0,5.0,3.0,653.0,0.67,0.79,2087921536.0,41.0,47.0,-2810.615430000001
342.0,1.0,6.0,3.0,828.0,0.5,0.62,1768372951.0,47.0,36.0,-2798.7328700000016
471.0,1.0,7.0,5.0,480.0,0.56,0.54,1992552755.0,58.0,32.0,-2804.0729200000014
315.0,3.0,7.0,5.0,520.0,0.57,0.64,1472036890.0,66.0,22.0,-2798.0120100000013
494.0,3.0,7.0,6.0,613.0,0.66,0.72,1459491022.0,41.0,18.0,-2800.744240000002
206.0,3.0,5.0,3.0,640.0,0.67,0.77,1105546908.0,57.0,46.0,-2801.67048
