spark.default.parallelism,spark.executor.cores,spark.executor.instances,spark.executor.memory,spark.executor.memoryOverhead,spark.memory.fraction,spark.memory.storageFraction,spark.reducer.maxBlocksInFlightPerAddress,spark.reducer.maxSizeInFlight,spark.shuffle.file.buffer,runtime
236.09576172880827,2.331947870755529,5.78655651577885,4.124187264299631,384.7633157244881,0.7776508697863813,0.5155972233384881,1196805476.3922563,26.61458643576564,43.584902679939866,2793.2196100000006
362.50005028482656,1.8958074312056101,7.203607684194704,5.158893291948768,665.746174120674,0.8008692500936303,0.5273894249898348,1468087518.7358096,66.29748414277195,41.37467801644371,2793.8078100000007
394.5939891634457,2.1552874117657046,5.878817557838705,6.0811930468219915,711.2566990692274,0.6944580013514806,0.6670123177810359,1613287900.1156006,41.05359875431136,38.233991336418214,2795.457750000001
301.31228403443765,2.1155712739367507,5.921341521756991,5.454619297880372,653.8433948987713,0.5160215003558942,0.5078462684910873,1821263770.0841026,50.384473896833825,43.13434931320985,2795.4941100000015
352.04651515700687,1.5188513541685025,7.885765277992592,5.038123631538513,538.0941905619998,0.7052444345224423,0.5534462275676156,1382175986.4515374,28.14624059181522,42.30314185306119,2795.806160000001
