spark.default.parallelism,spark.executor.cores,spark.executor.instances,spark.executor.memory,spark.executor.memoryOverhead,spark.memory.fraction,spark.memory.storageFraction,spark.reducer.maxBlocksInFlightPerAddress,spark.reducer.maxSizeInFlight,spark.shuffle.file.buffer,runtime
411.0,1.0,6.0,6.0,605.0,0.67,0.79,1839368625.0,50.0,37.0,-2799.8711600000015
314.0,3.0,5.0,6.0,460.0,0.5,0.62,1152873240.0,57.0,43.0,-2801.0377500000004
405.0,2.0,4.0,3.0,457.0,0.56,0.54,1513577877.0,34.0,27.0,-2798.5684900000015
334.0,2.0,6.0,4.0,855.0,0.57,0.64,1503109948.0,67.0,33.0,-2797.602940000001
273.0,3.0,7.0,3.0,801.0,0.66,0.72,1840343265.0,28.0,35.0,-2800.0946700000018
243.0,2.0,6.0,5.0,647.0,0.67,0.77,2022386351.0,24.0,44.0,-2809.614120000001
