spark.default.parallelism,spark.executor.cores,spark.executor.instances,spark.executor.memory,spark.executor.memoryOverhead,spark.memory.fraction,spark.memory.storageFraction,spark.reducer.maxBlocksInFlightPerAddress,spark.reducer.maxSizeInFlight,spark.shuffle.file.buffer,runtime
236.09576172880827,2.331947870755529,5.78655651577885,4.124187264299631,384.7633157244881,0.7776508697863813,0.5155972233384881,1196805476.3922563,26.61458643576564,43.584902679939866,2793.2196100000006
455.07039967791906,2.374920750198047,6.299861463052538,5.6102805409542515,840.4437623454947,0.8420390138400424,0.5416964108398341,1196589674.1920526,37.36159774274546,32.17648811279881,2794.2556600000007
237.52605169431467,1.4743928238137969,5.4158494364702285,4.417737215996775,687.2569125124619,0.7242607407187515,0.5133067062184514,1196694629.036409,67.29838215662167,23.5014497302441,2795.183380000001
266.52660154446545,2.2606529290850634,5.426112639080054,6.8957592879304865,843.3969482427501,0.5398252065949285,0.5318502852007232,1471166076.2543278,54.56905437029049,26.645154330617068,2795.7146400000015
352.04651515700687,1.5188513541685025,7.885765277992592,5.038123631538513,538.0941905619998,0.7052444345224423,0.5534462275676156,1382175986.4515374,28.14624059181522,42.30314185306119,2795.806160000001
