spark.default.parallelism,spark.executor.cores,spark.executor.instances,spark.executor.memory,spark.executor.memoryOverhead,spark.memory.fraction,spark.memory.storageFraction,spark.reducer.maxBlocksInFlightPerAddress,spark.reducer.maxSizeInFlight,spark.shuffle.file.buffer,runtime
395.6448071311453,1.82876962504523,7.9534944020193175,4.043049784150087,540.5390832887776,0.6833416348708624,0.5292117482041127,1447265768.8148508,48.71750502224337,42.88585261601192,2792.9857900000006
284.6662467621673,2.8369718063878326,4.792070387823678,6.707752989987364,717.6099322689731,0.7641799719041645,0.5130681233482743,1382422690.2361102,71.45639536989455,41.55159131096711,2793.282280000001
261.5714284962381,2.5614396731613924,7.472831273052178,4.293157670297125,636.8943697700652,0.7844538442018203,0.5015504964822968,1367938799.388514,29.204324297237598,33.83988499744312,2794.418380000001
378.3446875452437,1.7389849801326414,4.233235714578663,3.8338201788959023,801.2956388836499,0.8228077727304919,0.5039344519474269,1367450822.0273905,57.660803864610656,28.894519883830228,2794.8870400000014
221.78267918660018,1.0547326498954197,4.985959896430017,3.76494479179605,643.3108131477096,0.701924015373368,0.5221330863538398,1714841787.9564865,41.593066543782236,32.06317110133378,2794.9976700000016
