spark.executor.instances,spark.executor.memoryOverhead,spark.kryoserializer.buffer,spark.locality.wait,spark.memory.fraction,spark.memory.offHeap.size,spark.reducer.maxBlocksInFlightPerAddress,spark.reducer.maxReqsInFlight,spark.shuffle.file.buffer,runtime
7.527212548198269,662.0627643597838,57.76067441239718,9.531678974213875,0.744320013141115,744.0840315551088,1421283727.269113,2052762422.016738,38.46600582736727,2712.430486071577
7.583747827605385,634.2891214180801,65.00260396499579,9.727225074764181,0.8983308570451904,687.2921430058062,1807231392.1138024,1871379464.7036963,18.239256378829726,2715.5377958552444
7.480594154692873,518.7784711775304,58.64627871440838,4.443774117014743,0.7781988590624866,953.070588178989,1758261839.2462769,2088224613.4796615,40.01188165304383,2719.599690771014
6.310134321422922,736.8568897815784,63.8455979757704,6.126485017892057,0.7514622359716774,808.3252909631683,1792715967.8494081,1653836966.1405888,46.45032589414508,2737.1056037702288
7.621070009908355,384.24916409903,99.09552949951424,9.176157554461188,0.7549073779883726,709.0301725667948,1375824684.7174008,1430359946.6546597,29.458094839089313,2745.2776634551915
